<?xml version="1.0" encoding="UTF-8" standalone="yes"?>
<definitions xmlns="http://www.omg.org/spec/BPMN/20100524/MODEL" xmlns:activiti="http://activiti.org/bpmn" xmlns:bpmndi="http://www.omg.org/spec/BPMN/20100524/DI" xmlns:omgdc="http://www.omg.org/spec/DD/20100524/DC" xmlns:omgdi="http://www.omg.org/spec/DD/20100524/DI" xmlns:tns="http://www.activiti.org/test" xmlns:xsd="http://www.w3.org/2001/XMLSchema" xmlns:xsi="http://www.w3.org/2001/XMLSchema-instance" expressionLanguage="http://www.w3.org/1999/XPath" id="m1585557844088" name="" targetNamespace="http://www.activiti.org/test" typeLanguage="http://www.w3.org/2001/XMLSchema">
  <process id="myProcess_1" isClosed="false" isExecutable="true" processType="None">
    <startEvent id="_2" name="开始"/>
    <endEvent id="_3" name="结束"/>
    <userTask activiti:exclusive="true" id="_4" name="事件信息录入"/>
    <serviceTask activiti:class="com.xckj.ea.taskService.yupan" activiti:exclusive="true" id="_5" name="导入预定义任务"/>
    <userTask activiti:exclusive="true" id="_6" name="任务编辑、下发"/>
    <userTask activiti:exclusive="true" id="_7" name="任务1"/>
    <userTask activiti:exclusive="true" id="_8" name="任务2"/>
    <userTask activiti:exclusive="true" id="_9" name="任务3"/>
    <sequenceFlow id="_10" sourceRef="_4" targetRef="_5"/>
    <sequenceFlow id="_11" sourceRef="_5" targetRef="_6"/>
    <userTask activiti:exclusive="true" id="_15" name="总结与评估"/>
    <parallelGateway gatewayDirection="Unspecified" id="_16" name="并行网关"/>
    <sequenceFlow id="_17" sourceRef="_7" targetRef="_16"/>
    <sequenceFlow id="_18" sourceRef="_8" targetRef="_16"/>
    <sequenceFlow id="_19" sourceRef="_9" targetRef="_16"/>
    <sequenceFlow id="_20" sourceRef="_16" targetRef="_15"/>
    <sequenceFlow id="_21" sourceRef="_15" targetRef="_3"/>
    <sequenceFlow id="_22" sourceRef="_2" targetRef="_4"/>
    <parallelGateway gatewayDirection="Unspecified" id="_23" name="并行网关"/>
    <sequenceFlow id="_24" sourceRef="_6" targetRef="_23"/>
    <sequenceFlow id="_25" sourceRef="_23" targetRef="_9"/>
    <sequenceFlow id="_26" sourceRef="_23" targetRef="_8"/>
    <sequenceFlow id="_27" sourceRef="_23" targetRef="_7"/>
  </process>
  <bpmndi:BPMNDiagram documentation="background=#FFFFFF;count=1;horizontalcount=1;orientation=0;width=842.4;height=1195.2;imageableWidth=832.4;imageableHeight=1185.2;imageableX=5.0;imageableY=5.0" id="Diagram-_1" name="New Diagram">
    <bpmndi:BPMNPlane bpmnElement="myProcess_1">
      <bpmndi:BPMNShape bpmnElement="_2" id="Shape-_2">
        <omgdc:Bounds height="32.0" width="32.0" x="315.0" y="-10.0"/>
        <bpmndi:BPMNLabel>
          <omgdc:Bounds height="32.0" width="32.0" x="0.0" y="0.0"/>
        </bpmndi:BPMNLabel>
      </bpmndi:BPMNShape>
      <bpmndi:BPMNShape bpmnElement="_3" id="Shape-_3">
        <omgdc:Bounds height="32.0" width="32.0" x="320.0" y="673.0"/>
        <bpmndi:BPMNLabel>
          <omgdc:Bounds height="32.0" width="32.0" x="0.0" y="0.0"/>
        </bpmndi:BPMNLabel>
      </bpmndi:BPMNShape>
      <bpmndi:BPMNShape bpmnElement="_4" id="Shape-_4">
        <omgdc:Bounds height="55.0" width="85.0" x="295.0" y="93.0"/>
        <bpmndi:BPMNLabel>
          <omgdc:Bounds height="55.0" width="85.0" x="0.0" y="0.0"/>
        </bpmndi:BPMNLabel>
      </bpmndi:BPMNShape>
      <bpmndi:BPMNShape bpmnElement="_5" id="Shape-_5">
        <omgdc:Bounds height="55.0" width="85.0" x="295.0" y="158.0"/>
        <bpmndi:BPMNLabel>
          <omgdc:Bounds height="55.0" width="85.0" x="0.0" y="0.0"/>
        </bpmndi:BPMNLabel>
      </bpmndi:BPMNShape>
      <bpmndi:BPMNShape bpmnElement="_6" id="Shape-_6">
        <omgdc:Bounds height="55.0" width="85.0" x="295.0" y="233.0"/>
        <bpmndi:BPMNLabel>
          <omgdc:Bounds height="55.0" width="85.0" x="0.0" y="0.0"/>
        </bpmndi:BPMNLabel>
      </bpmndi:BPMNShape>
      <bpmndi:BPMNShape bpmnElement="_7" id="Shape-_7">
        <omgdc:Bounds height="55.0" width="85.0" x="140.0" y="348.0"/>
        <bpmndi:BPMNLabel>
          <omgdc:Bounds height="55.0" width="85.0" x="0.0" y="0.0"/>
        </bpmndi:BPMNLabel>
      </bpmndi:BPMNShape>
      <bpmndi:BPMNShape bpmnElement="_8" id="Shape-_8">
        <omgdc:Bounds height="55.0" width="85.0" x="295.0" y="363.0"/>
        <bpmndi:BPMNLabel>
          <omgdc:Bounds height="55.0" width="85.0" x="0.0" y="0.0"/>
        </bpmndi:BPMNLabel>
      </bpmndi:BPMNShape>
      <bpmndi:BPMNShape bpmnElement="_9" id="Shape-_9">
        <omgdc:Bounds height="55.0" width="85.0" x="470.0" y="353.0"/>
        <bpmndi:BPMNLabel>
          <omgdc:Bounds height="55.0" width="85.0" x="0.0" y="0.0"/>
        </bpmndi:BPMNLabel>
      </bpmndi:BPMNShape>
      <bpmndi:BPMNShape bpmnElement="_15" id="Shape-_15">
        <omgdc:Bounds height="55.0" width="85.0" x="285.0" y="508.0"/>
        <bpmndi:BPMNLabel>
          <omgdc:Bounds height="55.0" width="85.0" x="0.0" y="0.0"/>
        </bpmndi:BPMNLabel>
      </bpmndi:BPMNShape>
      <bpmndi:BPMNShape bpmnElement="_16" id="Shape-_16">
        <omgdc:Bounds height="32.0" width="32.0" x="315.0" y="443.0"/>
        <bpmndi:BPMNLabel>
          <omgdc:Bounds height="32.0" width="32.0" x="0.0" y="0.0"/>
        </bpmndi:BPMNLabel>
      </bpmndi:BPMNShape>
      <bpmndi:BPMNShape bpmnElement="_23" id="Shape-_23">
        <omgdc:Bounds height="32.0" width="32.0" x="320.0" y="298.0"/>
        <bpmndi:BPMNLabel>
          <omgdc:Bounds height="32.0" width="32.0" x="0.0" y="0.0"/>
        </bpmndi:BPMNLabel>
      </bpmndi:BPMNShape>
      <bpmndi:BPMNEdge bpmnElement="_17" id="BPMNEdge__17" sourceElement="_7" targetElement="_16">
        <omgdi:waypoint x="185.0" y="403.0"/>
        <omgdi:waypoint x="185.0" y="403.0"/>
        <omgdi:waypoint x="315.0" y="459.0"/>
        <bpmndi:BPMNLabel>
          <omgdc:Bounds height="0.0" width="0.0" x="0.0" y="0.0"/>
        </bpmndi:BPMNLabel>
      </bpmndi:BPMNEdge>
      <bpmndi:BPMNEdge bpmnElement="_19" id="BPMNEdge__19" sourceElement="_9" targetElement="_16">
        <omgdi:waypoint x="520.0" y="408.0"/>
        <omgdi:waypoint x="520.0" y="433.0"/>
        <omgdi:waypoint x="347.0" y="459.0"/>
        <bpmndi:BPMNLabel>
          <omgdc:Bounds height="0.0" width="0.0" x="0.0" y="0.0"/>
        </bpmndi:BPMNLabel>
      </bpmndi:BPMNEdge>
      <bpmndi:BPMNEdge bpmnElement="_18" id="BPMNEdge__18" sourceElement="_8" targetElement="_16">
        <omgdi:waypoint x="331.0" y="418.0"/>
        <omgdi:waypoint x="331.0" y="443.0"/>
        <bpmndi:BPMNLabel>
          <omgdc:Bounds height="0.0" width="0.0" x="0.0" y="0.0"/>
        </bpmndi:BPMNLabel>
      </bpmndi:BPMNEdge>
      <bpmndi:BPMNEdge bpmnElement="_20" id="BPMNEdge__20" sourceElement="_16" targetElement="_15">
        <omgdi:waypoint x="331.0" y="475.0"/>
        <omgdi:waypoint x="331.0" y="508.0"/>
        <bpmndi:BPMNLabel>
          <omgdc:Bounds height="0.0" width="0.0" x="0.0" y="0.0"/>
        </bpmndi:BPMNLabel>
      </bpmndi:BPMNEdge>
      <bpmndi:BPMNEdge bpmnElement="_22" id="BPMNEdge__22" sourceElement="_2" targetElement="_4">
        <omgdi:waypoint x="331.0" y="22.0"/>
        <omgdi:waypoint x="331.0" y="93.0"/>
        <bpmndi:BPMNLabel>
          <omgdc:Bounds height="0.0" width="0.0" x="0.0" y="0.0"/>
        </bpmndi:BPMNLabel>
      </bpmndi:BPMNEdge>
      <bpmndi:BPMNEdge bpmnElement="_21" id="BPMNEdge__21" sourceElement="_15" targetElement="_3">
        <omgdi:waypoint x="336.0" y="563.0"/>
        <omgdi:waypoint x="336.0" y="673.0"/>
        <bpmndi:BPMNLabel>
          <omgdc:Bounds height="0.0" width="0.0" x="0.0" y="0.0"/>
        </bpmndi:BPMNLabel>
      </bpmndi:BPMNEdge>
      <bpmndi:BPMNEdge bpmnElement="_24" id="BPMNEdge__24" sourceElement="_6" targetElement="_23">
        <omgdi:waypoint x="336.0" y="288.0"/>
        <omgdi:waypoint x="336.0" y="298.0"/>
        <bpmndi:BPMNLabel>
          <omgdc:Bounds height="0.0" width="0.0" x="0.0" y="0.0"/>
        </bpmndi:BPMNLabel>
      </bpmndi:BPMNEdge>
      <bpmndi:BPMNEdge bpmnElement="_26" id="BPMNEdge__26" sourceElement="_23" targetElement="_8">
        <omgdi:waypoint x="336.0" y="330.0"/>
        <omgdi:waypoint x="336.0" y="363.0"/>
        <bpmndi:BPMNLabel>
          <omgdc:Bounds height="0.0" width="0.0" x="0.0" y="0.0"/>
        </bpmndi:BPMNLabel>
      </bpmndi:BPMNEdge>
      <bpmndi:BPMNEdge bpmnElement="_25" id="BPMNEdge__25" sourceElement="_23" targetElement="_9">
        <omgdi:waypoint x="352.0" y="314.0"/>
        <omgdi:waypoint x="470.0" y="380.5"/>
        <bpmndi:BPMNLabel>
          <omgdc:Bounds height="0.0" width="0.0" x="0.0" y="0.0"/>
        </bpmndi:BPMNLabel>
      </bpmndi:BPMNEdge>
      <bpmndi:BPMNEdge bpmnElement="_27" id="BPMNEdge__27" sourceElement="_23" targetElement="_7">
        <omgdi:waypoint x="320.0" y="314.0"/>
        <omgdi:waypoint x="225.0" y="375.5"/>
        <bpmndi:BPMNLabel>
          <omgdc:Bounds height="0.0" width="0.0" x="0.0" y="0.0"/>
        </bpmndi:BPMNLabel>
      </bpmndi:BPMNEdge>
      <bpmndi:BPMNEdge bpmnElement="_11" id="BPMNEdge__11" sourceElement="_5" targetElement="_6">
        <omgdi:waypoint x="337.5" y="213.0"/>
        <omgdi:waypoint x="337.5" y="233.0"/>
        <bpmndi:BPMNLabel>
          <omgdc:Bounds height="0.0" width="0.0" x="0.0" y="0.0"/>
        </bpmndi:BPMNLabel>
      </bpmndi:BPMNEdge>
      <bpmndi:BPMNEdge bpmnElement="_10" id="BPMNEdge__10" sourceElement="_4" targetElement="_5">
        <omgdi:waypoint x="337.5" y="148.0"/>
        <omgdi:waypoint x="337.5" y="158.0"/>
        <bpmndi:BPMNLabel>
          <omgdc:Bounds height="0.0" width="0.0" x="0.0" y="0.0"/>
        </bpmndi:BPMNLabel>
      </bpmndi:BPMNEdge>
    </bpmndi:BPMNPlane>
  </bpmndi:BPMNDiagram>
</definitions>
