<?xml version="1.0" encoding="UTF-8" standalone="yes"?>
<definitions xmlns="http://www.omg.org/spec/BPMN/20100524/MODEL" xmlns:activiti="http://activiti.org/bpmn" xmlns:bpmndi="http://www.omg.org/spec/BPMN/20100524/DI" xmlns:omgdc="http://www.omg.org/spec/DD/20100524/DC" xmlns:omgdi="http://www.omg.org/spec/DD/20100524/DI" xmlns:tns="http://www.activiti.org/test" xmlns:xsd="http://www.w3.org/2001/XMLSchema" xmlns:xsi="http://www.w3.org/2001/XMLSchema-instance" expressionLanguage="http://www.w3.org/1999/XPath" id="m1583384258462" name="" targetNamespace="http://www.activiti.org/test" typeLanguage="http://www.w3.org/2001/XMLSchema">
  <process id="myProcess_1" isClosed="true" isExecutable="true" name="审批申请流程1" processType="None">
    <startEvent id="theStart" name="StartEvent"/>
    <userTask activiti:assignee="${assignee0}" activiti:candidateGroups="U1" activiti:exclusive="true" id="writerApply" name="提交申请">
      <documentation id="writerApply_D_1">
        <![CDATA[
        ]]>
      </documentation>
    </userTask>
    <userTask activiti:assignee="${assignee1}" activiti:candidateGroups="U2" activiti:exclusive="true" id="approve" name="审批">
      <documentation id="approve_D_1">
        <![CDATA[
        ]]>
      </documentation>
    </userTask>
    <endEvent id="theEnd" name="结束"/>
    <sequenceFlow id="_2" sourceRef="theStart" targetRef="writerApply"/>
    <sequenceFlow id="_3" sourceRef="writerApply" targetRef="approve"/>
    <sequenceFlow id="_4" sourceRef="approve" targetRef="theEnd"/>
  </process>
  <bpmndi:BPMNDiagram documentation="background=#FFFFFF;count=1;horizontalcount=1;orientation=0;width=842.4;height=1195.2;imageableWidth=832.4;imageableHeight=1185.2;imageableX=5.0;imageableY=5.0" id="Diagram-_1" name="New Diagram">
    <bpmndi:BPMNPlane bpmnElement="myProcess_1">
      <bpmndi:BPMNShape bpmnElement="theStart" id="Shape-theStart">
        <omgdc:Bounds height="32.0" width="32.0" x="75.0" y="0.0"/>
        <bpmndi:BPMNLabel>
          <omgdc:Bounds height="32.0" width="32.0" x="0.0" y="0.0"/>
        </bpmndi:BPMNLabel>
      </bpmndi:BPMNShape>
      <bpmndi:BPMNShape bpmnElement="writerApply" id="Shape-writerApply">
        <omgdc:Bounds height="55.0" width="85.0" x="50.0" y="90.0"/>
        <bpmndi:BPMNLabel>
          <omgdc:Bounds height="55.0" width="85.0" x="0.0" y="0.0"/>
        </bpmndi:BPMNLabel>
      </bpmndi:BPMNShape>
      <bpmndi:BPMNShape bpmnElement="approve" id="Shape-approve">
        <omgdc:Bounds height="55.0" width="85.0" x="45.0" y="180.0"/>
        <bpmndi:BPMNLabel>
          <omgdc:Bounds height="55.0" width="85.0" x="0.0" y="0.0"/>
        </bpmndi:BPMNLabel>
      </bpmndi:BPMNShape>
      <bpmndi:BPMNShape bpmnElement="theEnd" id="Shape-theEnd">
        <omgdc:Bounds height="32.0" width="32.0" x="70.0" y="275.0"/>
        <bpmndi:BPMNLabel>
          <omgdc:Bounds height="32.0" width="32.0" x="0.0" y="0.0"/>
        </bpmndi:BPMNLabel>
      </bpmndi:BPMNShape>
      <bpmndi:BPMNEdge bpmnElement="_2" id="BPMNEdge__2" sourceElement="theStart" targetElement="writerApply">
        <omgdi:waypoint x="91.0" y="32.0"/>
        <omgdi:waypoint x="91.0" y="90.0"/>
        <bpmndi:BPMNLabel>
          <omgdc:Bounds height="0.0" width="0.0" x="0.0" y="0.0"/>
        </bpmndi:BPMNLabel>
      </bpmndi:BPMNEdge>
      <bpmndi:BPMNEdge bpmnElement="_3" id="BPMNEdge__3" sourceElement="writerApply" targetElement="approve">
        <omgdi:waypoint x="90.0" y="145.0"/>
        <omgdi:waypoint x="90.0" y="180.0"/>
        <bpmndi:BPMNLabel>
          <omgdc:Bounds height="0.0" width="0.0" x="0.0" y="0.0"/>
        </bpmndi:BPMNLabel>
      </bpmndi:BPMNEdge>
      <bpmndi:BPMNEdge bpmnElement="_4" id="BPMNEdge__4" sourceElement="approve" targetElement="theEnd">
        <omgdi:waypoint x="86.0" y="235.0"/>
        <omgdi:waypoint x="86.0" y="275.0"/>
        <bpmndi:BPMNLabel>
          <omgdc:Bounds height="0.0" width="0.0" x="0.0" y="0.0"/>
        </bpmndi:BPMNLabel>
      </bpmndi:BPMNEdge>
    </bpmndi:BPMNPlane>
  </bpmndi:BPMNDiagram>
</definitions>
